<application>
  <component name="libraryTable">
    <library name="Python 2.7 interpreter library">
      <CLASSES>
        <root url="file:///usr/local/Cellar/python@2/2.7.16/Frameworks/Python.framework/Versions/2.7/lib/python2.7" />
        <root url="file:///usr/local/Cellar/python@2/2.7.16/Frameworks/Python.framework/Versions/2.7/lib/python2.7/plat-darwin" />
        <root url="file:///usr/local/Cellar/python@2/2.7.16/Frameworks/Python.framework/Versions/2.7/lib/python2.7/plat-mac" />
        <root url="file:///usr/local/Cellar/python@2/2.7.16/Frameworks/Python.framework/Versions/2.7/lib/python2.7/plat-mac/lib-scriptpackages" />
        <root url="file:///usr/local/Cellar/python@2/2.7.16/Frameworks/Python.framework/Versions/2.7/lib/python2.7/lib-tk" />
        <root url="file:///usr/local/Cellar/python@2/2.7.16/Frameworks/Python.framework/Versions/2.7/lib/python2.7/lib-dynload" />
        <root url="file://$USER_HOME$/Library/Python/2.7/lib/python/site-packages" />
        <root url="file:///usr/local/lib/python2.7/site-packages" />
        <root url="file://$USER_HOME$/Library/Caches/IntelliJIdea2019.1/python_stubs/-1199944087" />
        <root url="file://$APPLICATION_PLUGINS_DIR$/python/helpers/python-skeletons" />
        <root url="file://$APPLICATION_PLUGINS_DIR$/python/helpers/typeshed/stdlib/2" />
        <root url="file://$APPLICATION_PLUGINS_DIR$/python/helpers/typeshed/stdlib/2and3" />
        <root url="file://$APPLICATION_PLUGINS_DIR$/python/helpers/typeshed/third_party/2" />
        <root url="file://$APPLICATION_PLUGINS_DIR$/python/helpers/typeshed/third_party/2and3" />
        <root url="file://$USER_HOME$/stripe/zoolander/tasks" />
      </CLASSES>
      <JAVADOC />
      <SOURCES>
        <root url="file:///usr/local/Cellar/python@2/2.7.16/Frameworks/Python.framework/Versions/2.7/lib/python2.7" />
        <root url="file:///usr/local/Cellar/python@2/2.7.16/Frameworks/Python.framework/Versions/2.7/lib/python2.7/plat-darwin" />
        <root url="file:///usr/local/Cellar/python@2/2.7.16/Frameworks/Python.framework/Versions/2.7/lib/python2.7/plat-mac" />
        <root url="file:///usr/local/Cellar/python@2/2.7.16/Frameworks/Python.framework/Versions/2.7/lib/python2.7/plat-mac/lib-scriptpackages" />
        <root url="file:///usr/local/Cellar/python@2/2.7.16/Frameworks/Python.framework/Versions/2.7/lib/python2.7/lib-tk" />
        <root url="file:///usr/local/Cellar/python@2/2.7.16/Frameworks/Python.framework/Versions/2.7/lib/python2.7/lib-dynload" />
        <root url="file://$USER_HOME$/Library/Python/2.7/lib/python/site-packages" />
        <root url="file:///usr/local/lib/python2.7/site-packages" />
        <root url="file://$USER_HOME$/Library/Caches/IntelliJIdea2019.1/python_stubs/-1199944087" />
        <root url="file://$APPLICATION_PLUGINS_DIR$/python/helpers/python-skeletons" />
        <root url="file://$APPLICATION_PLUGINS_DIR$/python/helpers/typeshed/stdlib/2" />
        <root url="file://$APPLICATION_PLUGINS_DIR$/python/helpers/typeshed/stdlib/2and3" />
        <root url="file://$APPLICATION_PLUGINS_DIR$/python/helpers/typeshed/third_party/2" />
        <root url="file://$APPLICATION_PLUGINS_DIR$/python/helpers/typeshed/third_party/2and3" />
        <root url="file://$USER_HOME$/stripe/zoolander/tasks" />
      </SOURCES>
    </library>
  </component>
</application>