<application>
  <component name="FindSettings">
    <option name="customScope" value="All Places" />
    <option name="defaultScopeName" value="All Places" />
    <option name="localCaseSensitive" value="true" />
    <option name="localRegularExpressions" value="true" />
    <option name="LOCAL_CASE_SENSITIVE_SEARCH" value="true" />
    <option name="LOCAL_REGULAR_EXPRESSIONS" value="true" />
    <option name="SEARCH_SCOPE" value="All Places" />
    <option name="FILE_MASK" value="*.scala" />
    <mask>*.properties</mask>
    <mask>*.html</mask>
    <mask>*.jsp</mask>
    <mask>*.xml</mask>
    <mask>*.js</mask>
    <mask>*.as</mask>
    <mask>*.css</mask>
    <mask>*.mxml</mask>
    <mask>*gradle*</mask>
    <mask>*java</mask>
    <mask>*Test*.java</mask>
    <mask>after_module.gradle</mask>
    <mask>configuration.yml</mask>
    <mask>*yml</mask>
    <mask>*.java</mask>
    <mask>*conf*.java</mask>
    <mask>BUILD</mask>
    <mask>*.thrift</mask>
    <mask>*.proto</mask>
    <mask>*.scala</mask>
  </component>
</application>