<application>
  <component name="DependencyUISettings">
    <option name="SCOPE_TYPE" value="file" />
  </component>
  <component name="UISettings">
    <option name="CONSOLE_CYCLE_BUFFER_SIZE_KB" value="16384" />
    <option name="FONT_SCALE" value="1.0" />
    <option name="HIDE_TOOL_STRIPES" value="false" />
    <option name="MAX_LOOKUP_LIST_HEIGHT" value="49" />
    <option name="MAX_LOOKUP_WIDTH2" value="838" />
    <option name="OVERRIDE_CONSOLE_CYCLE_BUFFER_SIZE" value="true" />
  </component>
</application>