<application>
  <component name="FindSettings">
    <option name="caseSensitive" value="true" />
    <option name="customScope" value="All Places" />
    <option name="defaultScopeName" value="All Places" />
    <option name="localCaseSensitive" value="true" />
    <option name="wholeWordsOnly" value="true" />
    <option name="CASE_SENSITIVE_SEARCH" value="true" />
    <option name="LOCAL_CASE_SENSITIVE_SEARCH" value="true" />
    <option name="WHOLE_WORDS_ONLY" value="true" />
    <option name="SEARCH_SCOPE" value="All Places" />
    <option name="FILE_MASK" value="*yml" />
    <mask>*.properties</mask>
    <mask>*.html</mask>
    <mask>*.jsp</mask>
    <mask>*.xml</mask>
    <mask>*.js</mask>
    <mask>*.as</mask>
    <mask>*.css</mask>
    <mask>*.mxml</mask>
    <mask>*gradle*</mask>
    <mask>*java</mask>
    <mask>after_module.gradle</mask>
    <mask>configuration.yml</mask>
    <mask>*conf*.java</mask>
    <mask>*Test*.java</mask>
    <mask>*api*.yml</mask>
    <mask>build.gradle</mask>
    <mask>*.yml</mask>
    <mask>*.java</mask>
    <mask>*yml</mask>
  </component>
</application>